{"cameraMode":{"drawMode":0,"name":"Shaded","section":"Shading Mode"},"sceneLighting":true,"audioPlay":false,"sceneViewState":{"showFog":false,"showMaterialUpdate":false,"showSkybox":true,"showFlares":true,"showImageEffects":true,"showParticleSystems":true},"in2DMode":false,"pivot":{"x":-15.141820907592774,"y":6.087557792663574,"z":-17.323822021484376},"rotation":{"x":-0.28039246797561648,"y":0.5142379999160767,"z":-0.1821083128452301,"w":-0.7901360392570496},"size":-0.24567657709121705,"orthographic":false}