{"cameraMode":{"drawMode":0,"name":"Shaded","section":"Shading Mode"},"sceneLighting":true,"audioPlay":false,"sceneViewState":{"showFog":false,"showMaterialUpdate":false,"showSkybox":true,"showFlares":true,"showImageEffects":true,"showParticleSystems":true},"in2DMode":false,"pivot":{"x":-10.406431198120118,"y":-1.4949116706848145,"z":-8.724384307861329},"rotation":{"x":0.17476505041122437,"y":0.8051106333732605,"z":-0.29001694917678835,"w":0.48767217993736269},"size":41.37955093383789,"orthographic":false}