{"cameraMode":{"drawMode":0,"name":"Shaded","section":"Shading Mode"},"sceneLighting":true,"audioPlay":false,"sceneViewState":{"showFog":false,"showMaterialUpdate":false,"showSkybox":true,"showFlares":true,"showImageEffects":true,"showParticleSystems":true},"in2DMode":false,"pivot":{"x":-0.8638162612915039,"y":11.233606338500977,"z":-20.510055541992189},"rotation":{"x":0.035371676087379459,"y":-0.9612475037574768,"z":0.2354430854320526,"w":0.14141115546226502},"size":55.92950439453125,"orthographic":false}