{"cameraMode":{"drawMode":0,"name":"Shaded","section":"Shading Mode"},"sceneLighting":true,"audioPlay":false,"sceneViewState":{"showFog":false,"showMaterialUpdate":false,"showSkybox":true,"showFlares":true,"showImageEffects":true,"showParticleSystems":true},"in2DMode":false,"pivot":{"x":-55.06024932861328,"y":-6.512378692626953,"z":8.798239707946778},"rotation":{"x":-0.27168241143226626,"y":0.7278910279273987,"z":-0.41863173246383669,"w":-0.47098812460899355},"size":232.86607360839845,"orthographic":false}