{"cameraMode":{"drawMode":0,"name":"Shaded","section":"Shading Mode"},"sceneLighting":false,"audioPlay":false,"sceneViewState":{"showFog":false,"showMaterialUpdate":false,"showSkybox":false,"showFlares":true,"showImageEffects":true,"showParticleSystems":true},"in2DMode":false,"pivot":{"x":-0.5379999876022339,"y":1.2666000127792359,"z":3.0399999618530275},"rotation":{"x":-0.25975871086120608,"y":0.01796668954193592,"z":-0.00483003631234169,"w":-0.9655306935310364},"size":4.97997522354126,"orthographic":false}