{"cameraMode":{"drawMode":0,"name":"Shaded","section":"Shading Mode"},"sceneLighting":true,"audioPlay":false,"sceneViewState":{"showFog":false,"showMaterialUpdate":false,"showSkybox":true,"showFlares":true,"showImageEffects":true,"showParticleSystems":true},"in2DMode":false,"pivot":{"x":-22.549278259277345,"y":19.661659240722658,"z":-15.474714279174805},"rotation":{"x":-0.42024046182632449,"y":0.5801433324813843,"z":-0.5116241574287415,"w":-0.4751138389110565},"size":140.99063110351563,"orthographic":false}