{"cameraMode":{"drawMode":0,"name":"Shaded","section":"Shading Mode"},"sceneLighting":true,"audioPlay":false,"sceneViewState":{"showFog":false,"showMaterialUpdate":false,"showSkybox":true,"showFlares":true,"showImageEffects":true,"showParticleSystems":true},"in2DMode":false,"pivot":{"x":-20.899627685546876,"y":1.5013906955718995,"z":28.441341400146486},"rotation":{"x":0.005210365168750286,"y":-0.9919491410255432,"z":0.1229262575507164,"w":0.039094679057598117},"size":8.874561309814454,"orthographic":false}