{"cameraMode":{"drawMode":0,"name":"Shaded","section":"Shading Mode"},"sceneLighting":true,"audioPlay":false,"sceneViewState":{"showFog":false,"showMaterialUpdate":false,"showSkybox":true,"showFlares":true,"showImageEffects":true,"showParticleSystems":true},"in2DMode":false,"pivot":{"x":-50.12965774536133,"y":1.6844139099121094,"z":23.32147979736328},"rotation":{"x":0.036337655037641528,"y":-0.051827333867549899,"z":0.0005525447195395827,"w":0.9984210729598999},"size":5.836810111999512,"orthographic":false}