{"cameraMode":{"drawMode":0,"name":"Shaded","section":"Shading Mode"},"sceneLighting":true,"audioPlay":false,"sceneViewState":{"showFog":false,"showMaterialUpdate":false,"showSkybox":true,"showFlares":true,"showImageEffects":true,"showParticleSystems":true},"in2DMode":false,"pivot":{"x":-52.35569381713867,"y":15.167914390563965,"z":28.849138259887697},"rotation":{"x":0.40708065032958987,"y":0.06434601545333862,"z":-0.030541468411684037,"w":0.9110925793647766},"size":20.850482940673829,"orthographic":false}