{"cameraMode":{"drawMode":0,"name":"Shaded","section":"Shading Mode"},"sceneLighting":true,"audioPlay":false,"sceneViewState":{"showFog":false,"showMaterialUpdate":false,"showSkybox":true,"showFlares":true,"showImageEffects":true,"showParticleSystems":true},"in2DMode":false,"pivot":{"x":-52.625362396240237,"y":1.576480746269226,"z":28.337024688720704},"rotation":{"x":0.31549566984176638,"y":0.17956069111824037,"z":-0.06256607174873352,"w":0.9301478862762451},"size":6.913863182067871,"orthographic":false}