{"cameraMode":{"drawMode":0,"name":"Shaded","section":"Shading Mode"},"sceneLighting":true,"audioPlay":false,"sceneViewState":{"showFog":false,"showMaterialUpdate":false,"showSkybox":true,"showFlares":true,"showImageEffects":true,"showParticleSystems":true},"in2DMode":false,"pivot":{"x":-53.02109909057617,"y":1.6094880104064942,"z":28.50419807434082},"rotation":{"x":0.3148849308490753,"y":0.14330841600894929,"z":-0.04978552460670471,"w":0.9373911023139954},"size":6.913863182067871,"orthographic":false}